StateAbbr,CountyName,county_geoid,rucc_code,avg_score,max_score,tract_count,total_bsls,total_unserved,avg_income,avg_no_fiber_pct
VA,Madison County,51113,8,73.84742647058823,77.19646490335708,4,6690,4054,84692.5,99.21173983471975
VA,King William County,51101,1,73.1811447175513,76.39896101370354,4,7979,3237,86006.75,96.2961358531727
KY,Robertson County,21201,8,72.45930824008138,72.45930824008138,1,1884,1307,51830.0,100.0
VA,Essex County,51057,8,72.3676605230088,73.21267428639818,3,6206,2339,56222.0,99.48442915903388
MD,Calvert County,24009,3,72.10414709373067,77.06366315600503,18,34476,209,135078.83333333334,99.93367999142798
KY,Trimble County,21223,8,72.07054784273832,72.19833792112979,2,5670,1601,68240.0,71.92681074528713
VA,Franklin city,51620,6,71.98315593022559,73.50121476871522,2,3352,15,58238.5,98.4950845200585
PA,Clearfield County,42033,4,71.70620205254025,77.45605439530848,20,40083,6981,62725.7,95.95165744088509
VA,Southampton County,51175,6,71.6908696367662,75.55929028783436,5,9275,863,73465.0,57.23581832759119
VA,Middlesex County,51119,8,71.3347950077793,74.44604900963438,4,8187,2663,75832.5,98.35926118311676
VA,New Kent County,51127,1,71.327257121058,75.52564777691342,4,10908,2354,121375.0,88.1336993049148
VA,Fauquier County,51061,1,70.97679548650589,76.90110032314044,20,28578,8270,128802.2,95.190155475556
VA,Gloucester County,51073,1,70.89348857040272,77.94922655735743,9,17477,1805,85754.11111111111,98.36807452667146
VA,Rappahannock County,51157,1,70.86408278977919,74.82009754054215,2,4224,2403,82048.5,99.8468137254902
VA,Westmoreland County,51193,8,70.84634659306245,77.4978307701514,6,12557,2014,65651.0,99.06306962940766
KY,Martin County,21159,8,69.61612074382144,71.40431078331638,4,5020,1341,37638.25,100.0
PA,Somerset County,42111,6,69.56544519702591,78.84319011429598,24,38340,6335,61919.291666666664,98.49010196372006
KY,Carter County,21043,2,69.25566084839328,73.29169783376221,8,11396,2541,51537.25,81.87344973281998
PA,Fulton County,42057,8,69.21711297947459,70.30223655077494,3,7344,3331,66466.0,99.95648786388794
VA,Caroline County,51033,8,68.9745721381126,76.31348737358626,9,13831,4183,85966.44444444444,93.25508458221242
VA,Dinwiddie County,51053,1,68.96862096822451,79.35774938663155,8,13325,5526,78750.875,97.08915438043431
VA,Charles City County,51036,1,68.87999396605031,72.29045464065587,3,3611,1265,76287.33333333333,98.60735210115251
VA,Lancaster County,51103,9,68.71530896565136,69.63770719885106,4,7921,2487,74069.75,96.47653172988451
PA,Montour County,42093,6,68.52683860929926,71.52549069475195,4,7634,748,80950.5,99.4113721383369
MD,Dorchester County,24019,6,68.41097788216676,74.65308703847765,9,16302,2153,67303.55555555556,89.2943475795063
VA,Page County,51139,8,68.14441984321705,73.28602716773383,6,13241,4058,57119.5,99.7571168144912
KY,Muhlenberg County,21177,6,68.12842454072168,74.35011294955419,10,14657,2682,54376.5,86.18894318888378
KY,Carroll County,21041,6,68.09776644126623,69.78109329184369,3,4804,679,58393.666666666664,76.66643101638196
KY,Anderson County,21005,6,67.93369848702451,76.15460549937168,6,10320,2326,72560.5,79.66814508702095
VA,Isle of Wight County,51093,1,67.92120127128504,72.45258213153014,9,16976,979,99759.66666666667,83.99782837799938
OH,Gallia County,39053,6,67.89150260307582,73.80105095446113,8,14234,7175,56378.25,91.6766845755714
KY,Hancock County,21091,8,67.88218463886064,73.11792008258035,3,4212,1622,65286.0,65.9665669984052
PA,Juniata County,42067,8,67.87003358566214,71.84993716713544,6,11257,3791,65263.5,78.6253074825401
VA,Goochland County,51075,1,67.83445061137375,70.55792741308122,6,11670,3124,123204.0,84.87565316651613
VA,Rockingham County,51165,3,67.77183353642945,80.98587457363413,22,36764,8130,79930.27272727272,79.53207527130874
KY,Bracken County,21023,1,67.65265493786528,72.02097271258454,3,4411,1239,68257.66666666667,84.39330936397027
VA,Brunswick County,51025,8,67.40840613966847,72.82884776494524,5,8503,4038,54504.2,78.2272292474518
VA,King George County,51099,8,67.34843989986636,74.71848258632039,6,10548,1351,121578.0,90.23425147432032
VA,Powhatan County,51145,1,67.19799283904814,72.89491053796901,6,12490,2944,107850.5,90.83502832961308
VA,Clarke County,51043,1,67.18381548830112,70.42481972951948,4,6662,2068,115955.25,99.75035185231738
NY,Sullivan County,36105,6,67.18121024687235,75.00496529232242,31,47235,1661,75661.70967741935,98.0600876151004
OH,Meigs County,39105,8,67.11672850218419,70.52349799533242,6,12278,4016,47387.666666666664,99.73913043478261
PA,Clinton County,42035,6,67.03782688049787,72.42447190473341,9,18822,2826,61362.77777777778,96.91018320566099
VA,Mathews County,51115,1,66.85025525851236,69.34889294476692,4,5949,766,75215.0,96.04362885972694
KY,Adair County,21001,7,66.788897176368,71.29705209143677,7,10043,2314,52532.57142857143,60.140644926360686
KY,Garrard County,21079,8,66.75093476352902,71.52480028125188,6,8146,1619,63357.0,54.76667128555431
KY,Ohio County,21183,6,66.72462608835497,70.53832355933217,8,11632,4463,57979.75,89.05024133719644
PA,Venango County,42121,4,66.70292463224294,73.6414637065406,17,25760,3631,60329.23529411765,97.92762179476337
MD,St. Mary's County,24037,3,66.64775362308986,74.77299084435403,22,40960,993,121771.04545454546,80.98030464721636
VA,Greensville County,51081,6,66.6302420561307,69.4592244629286,2,4578,2447,55235.5,87.27255199902262
KY,Crittenden County,21055,8,66.60030107414278,73.56630737238945,4,5226,2166,56378.25,95.34824646280873
KY,Nicholas County,21181,8,66.53462876249176,68.5606449344743,2,3620,1776,59994.5,99.53999999999999
KY,Mason County,21161,6,66.40551343426486,69.32285919454252,5,8433,1086,53379.4,79.3162226267632
KY,Pulaski County,21199,5,66.37685242967991,75.16624304350428,21,32807,3738,52727.0,63.56614073282823
VA,Shenandoah County,51171,6,66.31432031704756,71.61560424271438,11,22042,3193,68051.81818181818,83.1738528099438
KY,Floyd County,21071,7,66.25761869854757,71.72537026509485,14,15320,601,44569.142857142855,97.29969551725019
OH,Perry County,39127,1,66.23628315347841,68.04725779426725,9,16216,3512,71083.33333333333,98.55559437312044
VA,Surry County,51181,1,66.0966638740949,67.48434264855484,2,3729,204,79330.5,6.15391494492941
OH,Morgan County,39115,8,66.08573768775058,67.48964753755011,4,8420,3544,58718.25,92.78662116346905
KY,Taylor County,21217,7,65.9909839113672,75.15154912931601,7,11592,1920,62032.71428571428,57.44293775401
PA,Pike County,42103,6,65.96900607384357,75.06639638561427,25,40635,1677,81002.24,88.82528405733078
MD,Carroll County,24013,1,65.95884182533919,77.66161659984442,37,62028,3013,122442.18918918919,89.27851595805252
OH,Washington County,39167,4,65.86847614512064,74.62859792950752,18,30412,6194,64338.555555555555,98.06906529955032
VA,Colonial Heights city,51570,1,65.77532837651846,71.06529232242235,5,7002,14,79859.4,99.98091603053436
PA,Bedford County,42009,8,65.74918030538767,68.48426934354617,12,25162,6393,59124.166666666664,97.74894856577355
KY,Livingston County,21139,3,65.69320058644007,70.23023457602777,3,5515,1255,61731.666666666664,80.79183072965479
KY,Mercer County,21167,6,65.6462776015798,73.03346897253306,5,10398,2609,68671.8,73.05267890273785
KY,Lewis County,21135,8,65.58759294027885,69.51866285680092,4,6428,1892,47498.0,96.68176366046501
PA,Adams County,42001,3,65.50649397602378,76.75201214768714,27,41416,2675,84699.74074074074,91.97126834836634
PA,Schuylkill County,42107,4,65.4083434849016,78.22594024893783,42,66420,3785,68188.47619047618,85.67664076304375
PA,Huntingdon County,42061,6,65.31309691221351,70.99799383639518,13,22763,6498,66185.5,98.19692224210462
KY,Fleming County,21069,9,65.29662890461373,68.75580381186043,4,7937,1896,49879.75,74.27168567560942
VA,Pulaski County,51155,3,65.2353300221411,71.87569639758243,10,17146,2998,62945.1,97.2091012756985
VA,Patrick County,51141,8,65.1347309905651,68.02288911495422,6,11231,6716,53080.5,97.01278094138911
PA,Forest County,42053,9,65.05024235533482,69.66534617916344,2,6963,4073,52520.0,98.16902382547111
KY,Harrison County,21097,6,65.04029666088205,66.13330889833044,5,8166,3349,72209.6,79.91732578296846
OH,Columbiana County,39029,4,64.87620800670217,72.90627805038598,25,47614,1421,58869.64,97.96349653557837
MD,Allegany County,24001,4,64.84273685405911,73.41041828735564,22,29736,2046,58692.545454545456,99.7954865180575
VA,Bland County,51021,8,64.78844772904075,64.92350846747652,2,3958,2427,61187.0,75.16353485431299
PA,Perry County,42099,2,64.78251727903776,75.10163963856144,10,20147,4767,79518.1,84.2353631190715
VA,Emporia city,51595,6,64.73180016157022,67.02160178924062,2,2472,40,51863.5,99.11621660027595
PA,Clarion County,42031,6,64.71616525043385,75.39854287594997,13,19141,3643,63853.61538461538,80.68984342957226
KY,Letcher County,21133,9,64.71270689964693,70.85778753515649,10,9286,286,42607.555555555555,89.37684514685542
VA,Orange County,51137,6,64.69833483558735,70.79719122135121,8,16179,841,92036.5,37.458634495877654
VA,Carroll County,51035,6,64.66470378792413,71.30099859374064,10,18297,8478,54146.6,95.90639234741234
OH,Fayette County,39047,6,64.57667297844876,72.94556280294417,7,12793,1692,66830.28571428571,53.38916498351706
KY,Spencer County,21215,1,64.54881234665788,66.14008587158159,4,8014,1476,97980.0,86.22296429750725
OH,Highland County,39071,6,64.49900657433047,69.73244719047334,11,20670,4989,61201.09090909091,85.69571459257729
VA,Henry County,51089,4,64.4672236849979,73.42894201424212,14,26171,3166,51504.642857142855,78.98938747589304
PA,Sullivan County,42113,8,64.43692122703608,70.78728457303572,4,6189,3004,69548.75,89.54813155594405
KY,Henry County,21103,1,64.30265094847705,65.83389533839986,5,7434,2107,63254.2,91.24012219255307
KY,Pike County,21195,7,64.27009624852438,72.65330321345222,22,29572,1873,43409.72727272727,87.79735359799763
OH,Vinton County,39163,8,64.13761469491153,65.84604003351086,3,6406,2448,55999.666666666664,85.63442437340245
KY,Lincoln County,21137,9,64.11689968968258,69.04234411465501,7,11957,3378,50795.142857142855,83.83114854915675
VA,Halifax County,51083,6,64.08801299905886,69.1912804440189,11,19239,8217,51425.36363636364,87.40998004764276
PA,Northumberland County,42097,4,64.04522960923943,75.34750688169468,25,40740,1969,60757.28,94.321279881865
PA,Monroe County,42089,4,63.73643528801623,75.24329034767518,51,76038,1216,84679.94,84.73096660875156
VA,Prince George County,51149,1,63.69455726339366,69.02700466758422,7,11737,578,80018.0,71.71317419255324
PA,McKean County,42083,7,63.61080644236332,72.95691311112441,12,20633,2781,64792.166666666664,93.38999655959289
OH,Holmes County,39075,9,63.54574501825145,68.43179567350846,10,17401,3140,79787.6,80.98135773565693
KY,Rowan County,21205,6,63.540818672331596,68.56160163963855,6,9909,761,52495.166666666664,33.334317389942896
PA,Crawford County,42039,4,63.53999659817928,76.73400005984084,23,40907,6344,60975.434782608696,51.04787372016586
VA,Hanover County,51085,1,63.53986036143858,75.36929492549817,25,44210,6721,113045.72,74.5101993928486
VA,Amelia County,51007,1,63.521550924540726,66.08082101609719,3,6351,1309,77731.66666666667,89.48507606827953
OH,Muskingum County,39119,4,63.5165229774514,69.55641792831068,21,38801,1995,61501.95238095238,91.39055537944644
VA,Northumberland County,51133,9,63.40096568128778,65.79108670935312,4,9867,2436,71151.25,93.4708716275851
PA,Jefferson County,42065,7,63.33444518350419,75.02729339955718,13,23194,3698,58609.61538461538,68.99048228595686
MD,Cecil County,24015,1,63.27130589774058,72.08288178445335,21,41552,1159,93320.71428571429,89.6462752898821
KY,Marion County,21155,6,63.25888486625576,67.22738690084377,6,8833,1500,60611.666666666664,54.47365732164737
PA,Cambria County,42021,3,63.25533575332473,74.24937915145712,42,62717,2889,58535.42857142857,97.99088208525465
KY,Hart County,21099,8,63.23045623641115,67.61079902459458,6,8805,755,53727.0,20.891993311044406
VA,Richmond County,51159,9,63.21429634671773,65.59983543773562,2,4121,1196,65864.5,80.73173803871313
VA,Petersburg city,51730,1,63.18073009884617,71.19179208305906,11,12649,106,49929.90909090909,96.2031987834048
VA,Pittsylvania County,51143,4,63.1732847336611,70.0965636407157,19,33484,5574,55687.10526315789,81.26915410800034
OH,Knox County,39083,6,63.16175476803132,71.43150320148405,14,26873,2385,76106.57142857143,86.10259599592094
VA,Floyd County,51063,3,63.02535365926635,64.99686284483275,5,8890,1422,62777.6,17.817110469735827
VA,Nottoway County,51135,8,63.001305427562684,65.5869726527437,5,7155,2461,92647.2,83.98559430547712
KY,Casey County,21045,9,62.99026364869447,66.40671488839688,6,8524,2436,46140.833333333336,57.436547726941534
NY,Wyoming County,36121,8,62.91415799881406,71.95158503381008,11,18035,2140,71851.36363636363,67.11991709170675
KY,Larue County,21123,3,62.89187586021184,69.84066707557896,5,6833,1628,67407.2,60.37071064326835
OH,Adams County,39001,8,62.86777924292809,69.44601983723297,7,13825,2538,53922.0,85.75122260121904
KY,Breckinridge County,21027,8,62.79765598507969,69.8911607623721,6,13493,2494,61862.666666666664,34.06007662360914
PA,Wayne County,42127,6,62.77902249134948,72.38930046077435,17,34184,4491,66296.0,81.3829652430459
NY,Orleans County,36073,1,62.67588371182654,72.3641822751481,12,17192,579,68092.83333333333,93.83803562967738
MD,Caroline County,24011,6,62.664118029375196,67.6689590688768,9,13739,110,71931.55555555556,66.54544083506181
OH,Jefferson County,39081,3,62.64720104748642,70.16738974328287,22,32460,2196,58291.90909090909,94.31025273521132
KY,Bell County,21013,7,62.6184731946356,66.69384163126084,9,10994,852,36017.666666666664,91.34515985586283
KY,Washington County,21229,8,62.59250175782418,64.25057222787385,4,6004,946,61852.75,37.10300378656825
VA,Culpeper County,51047,1,62.57190166656693,75.41746304829155,10,19141,3982,101811.1,51.394107142409666
VA,Amherst County,51009,2,62.50666776374843,71.01685267189276,10,15087,3119,67537.5,88.37486748313759
KY,Rockcastle County,21203,9,62.43989856980433,65.55826102567171,5,10310,2219,47486.2,74.42813276816305
VA,Sussex County,51183,1,62.323100614864465,71.68415115791993,4,5584,1868,63137.5,65.6126612603619
VA,Wise County,51195,7,62.30136940284299,68.04365612470826,11,17072,887,48756.09090909091,33.58744586040004
KY,Owen County,21187,8,62.290042673987195,68.09272335587337,4,7447,2250,61367.5,88.31891220769356
VA,Louisa County,51109,8,62.196775410740756,67.44575429357909,9,19807,3871,90875.66666666667,38.01378424958708
OH,Monroe County,39111,8,62.194910537969,66.04758392675483,4,8623,2842,59551.0,73.9652694636821
OH,Brown County,39015,1,62.17771228532105,65.48228113218838,10,21264,3016,69225.0,93.12143953501956
PA,Mifflin County,42087,4,62.16630869579227,71.16290168152713,13,20762,2334,62262.53846153846,92.30365316771007
KY,Greenup County,21089,2,62.14266243459066,73.41018939620609,9,16434,1934,59486.88888888889,47.693162292710554
VA,Danville city,51590,4,62.11586325374504,68.7324217581234,15,18900,154,45638.0,54.40985018302455
PA,Union County,42119,6,62.089839232187835,73.76669409371073,11,15190,1088,88875.0,62.44066124596574
OH,Hocking County,39073,1,62.07899138292142,69.20368469870145,7,14635,5200,65343.0,80.92949781765985
OH,Coshocton County,39031,7,61.96825938004906,67.26086260546944,10,18100,3158,54223.9,90.91436970163026
KY,Trigg County,21221,2,61.96228517144395,68.22207677577643,5,9120,1498,58824.8,42.20164379992521
MD,Talbot County,24041,6,61.90123922865179,69.45434070372808,10,18516,326,90662.0,83.66304856113395
PA,Elk County,42047,7,61.83438079707977,68.95952740709713,9,18106,1719,65810.33333333333,31.957375941123587
VA,Hopewell city,51670,1,61.773411475475235,67.7164951229729,6,8867,25,55253.833333333336,86.16010270649231
OH,Clinton County,39027,6,61.71296997486686,72.09510502064508,10,18406,1319,71761.4,57.29663447252891
VA,Lunenburg County,51111,9,61.694089970678,64.11950810843157,3,6770,3189,58521.666666666664,66.46642345849732
MD,Garrett County,24023,8,61.69212943570104,70.27959502722757,9,19521,3470,75230.44444444444,73.81646613675942
VA,Franklin County,51067,2,61.664955717790676,67.4176694991323,16,29111,7197,71140.8125,88.80641239891814
VA,James City County,51095,1,61.549861178089806,70.24029307043264,17,30235,471,113688.29411764706,72.40225053816546
PA,Franklin County,42055,3,61.52599202031687,74.24714260068218,33,63948,5595,77062.54545454546,67.05585027782261
OH,Lawrence County,39087,2,61.508547513613784,70.37476063670636,18,27872,3370,56845.0,97.25639267830279
OH,Jackson County,39079,7,61.50553591731708,67.18096762611454,7,15140,2363,56256.71428571428,58.7965884150468
KY,Boyle County,21021,7,61.46962287458218,67.87172221889773,7,12004,1861,58898.0,48.16111116761556
PA,Warren County,42123,6,61.43210799657526,73.9061538806774,13,20722,4401,62865.769230769234,61.320195261691396
KY,Webster County,21233,9,61.422650125665726,63.562121506791925,4,6995,1395,60644.25,95.44062968583523
VA,Augusta County,51015,3,61.376665029355244,69.53819041350009,18,33707,6918,82178.27777777778,60.54894012126835
KY,Clinton County,21053,9,61.368758041110645,63.15649048530908,4,5401,1181,46299.0,63.90136921633189
KY,McLean County,21149,3,61.16855614066583,66.57289435102626,3,4739,871,67088.33333333333,62.70601062468077
VA,Warren County,51187,1,61.134306494724036,75.1147507629705,9,17093,2090,89949.22222222222,62.14700726731295
PA,Carbon County,42025,2,61.11992695019484,68.20174585602298,17,33809,581,67593.5294117647,81.2402632962822
PA,Mercer County,42085,4,61.056766714824285,71.94659580515828,35,50614,4349,60909.885714285716,92.60319363797184
KY,Harlan County,21095,7,61.05208395667524,74.0975465262402,11,12322,1041,42273.90909090909,68.89457982383699
OH,Belmont County,39013,3,61.04984155781983,73.98360062234457,22,33625,3386,61378.47619047619,89.18382115385533
NY,Ulster County,36111,3,61.03127441505595,76.06058584166118,50,73425,1784,87901.84,91.88113837482142
VA,Giles County,51071,3,61.007885337502245,66.7623990186105,4,9086,1193,66836.25,81.37169481298034
VA,King and Queen County,51097,1,60.98785231284782,62.23230806055891,2,3881,291,66337.0,10.058239220267843
VA,Northampton County,51131,8,60.82458466728502,62.81160911974148,4,7823,404,63970.0,15.79213984835712
NY,Lewis County,36049,8,60.82264268711893,65.22168781042427,9,14988,2477,66883.55555555556,69.14085327741138
VA,Highland County,51091,8,60.78411974148765,60.78411974148765,1,2367,388,65625.0,21.166032953105194
NY,Yates County,36123,6,60.653236921040026,66.26939889892884,8,12858,1006,70837.5,49.69985850265165
MD,Frederick County,24021,1,60.58404873804909,75.57942597690143,65,88490,3007,125585.0,83.21742369147942
VA,Campbell County,51031,2,60.56055243053478,68.59366584884208,12,25314,5459,65862.75,78.16351874889214
OH,Noble County,39121,9,60.519978606905624,65.74803123690981,4,7442,1726,54161.333333333336,69.18648366660818
PA,Columbia County,42037,4,60.439674933427085,73.06798964753757,16,27799,4525,64389.4375,85.46709550580275
OH,Carroll County,39019,2,60.437723975653334,67.31978487223984,7,15610,2109,67481.14285714286,73.00890564236755
PA,Indiana County,42063,4,60.432505161271024,76.54055711806595,24,34968,7291,60531.25,82.86633099516328
KY,Laurel County,21125,5,60.39115187974987,69.63505026629167,16,24848,1319,56845.6875,70.4262791924586
KY,Leslie County,21131,9,60.263923463586856,61.13497022919035,4,4824,1056,41837.25,65.59930223825928
OH,Athens County,39009,4,60.2470937306764,69.95565794985339,15,22914,3445,52038.86666666667,80.12909290286393
KY,Bath County,21011,8,60.241771886781166,64.86380602597092,4,5783,1219,57157.75,34.57606543150862
KY,Edmonson County,21061,3,60.1141684369577,71.67736894859674,4,7469,1286,53248.75,53.8357503920454
KY,Nelson County,21179,1,60.083059334896454,71.07342693435461,11,20690,788,69906.36363636363,59.84111449851848
PA,Northampton County,42095,2,60.05758173124354,71.46881096283886,74,109357,830,91069.66216216216,93.22166831104103
PA,Lebanon County,42075,3,59.9607717108854,79.25090958051582,33,54069,1362,78439.9696969697,54.090113385640855
PA,Greene County,42059,6,59.95529823170367,67.03104841122614,10,16712,2577,70610.1,38.977362519667096
VA,Mecklenburg County,51117,7,59.93085542457064,72.18601669558973,12,20561,6995,56687.666666666664,63.5121675224338
VA,Frederick County,51069,3,59.92469414252824,69.86205642989648,19,37328,5263,101425.57894736843,47.03661568863763
KY,Montgomery County,21173,6,59.85347504210229,63.55253874693316,7,11683,1437,55657.142857142855,63.411748095513204
KY,Estill County,21065,8,59.8308599126324,65.53891149542218,6,8209,1107,45540.166666666664,32.06494315418431
KY,Shelby County,21211,1,59.8274318437955,66.80263972832266,12,18128,1852,89272.75,74.77594432426353
NY,Fulton County,36035,4,59.82395832966662,72.21333253545569,17,25549,1475,70090.94117647059,83.91347390576837
VA,Galax city,51640,6,59.81623369337562,63.85628403446831,2,3141,39,38724.5,76.3827113844641
KY,Perry County,21193,7,59.788966548979715,67.24261414637066,10,10990,455,45122.1,63.00563663182312
KY,Lyon County,21143,8,59.78520510442224,64.0533555741727,3,5496,1837,65703.0,73.57014163096689
VA,Bedford County,51019,2,59.75776060678595,65.5189695410209,20,37806,6470,77622.75,63.80673611282947
VA,Greene County,51079,3,59.59005052809527,65.26761564239125,4,8714,755,90422.75,68.81378559682918
OH,Madison County,39097,1,59.50176362126743,69.96014077553707,12,16351,667,90283.27272727272,72.55956045993436
KY,Caldwell County,21033,7,59.42315147956436,64.85574097899588,4,6795,1757,61959.0,77.69298566700486
KY,Grayson County,21085,6,59.36506542596692,68.06859852791574,9,17417,1729,51707.11111111111,29.426464701739274
PA,Lawrence County,42073,1,59.31279289945887,72.49393962060918,28,39456,1542,60889.67857142857,98.00012993090414
OH,Guernsey County,39059,6,59.271942208724795,65.48408084495243,10,21458,2306,60193.3,42.367913651179244
VA,Alleghany County,51005,6,59.25169474198631,64.29628612889714,6,8727,1497,56713.5,34.487683098927825
VA,Cumberland County,51049,8,59.2347867173319,61.720120728861225,3,5356,1724,57597.0,43.52407091687211
OH,Preble County,39135,6,59.22269806065865,69.77956061875412,12,18732,1269,70628.91666666667,79.80987240677636
VA,Covington city,51580,6,59.1737732631201,59.7835662138711,2,3345,32,40021.5,17.89553581388165
VA,Rockbridge County,51163,6,59.14500628328645,65.24444527556697,6,12321,2126,67021.16666666667,47.748053665690406
KY,Whitley County,21235,7,59.119280837971,71.40999790557117,12,13852,1117,47241.5,80.33593517259021
VA,Appomattox County,51011,2,59.03183400903597,63.621600293220034,4,7985,1921,64171.0,58.35868293020161
VA,Prince Edward County,51147,6,58.97322484690722,67.4423949793549,6,8400,1248,51521.833333333336,27.55595009987968
MD,Queen Anne's County,24035,1,58.95237717670995,69.28855469451258,11,21423,561,113143.63636363637,49.185017600740416
MD,Kent County,24029,6,58.904621805996044,64.07650200466757,5,10141,450,80412.0,32.15342915567554
VA,Charlotte County,51037,8,58.85651012057926,62.35636706361079,4,6839,2938,61374.0,57.42948828642407
OH,Pike County,39131,9,58.82040336989322,63.1025552031596,7,12566,2131,55403.857142857145,80.91927665205586
KY,Marshall County,21157,8,58.72267039674466,67.49293429477589,10,18595,1935,63167.0,70.23247564551839
KY,Butler County,21031,3,58.68676906927573,68.2735593321764,6,6190,1108,61077.5,25.758333121788777
PA,Snyder County,42109,7,58.64494204790258,69.8658458500389,8,16402,2289,76825.125,91.7046690546299
PA,Centre County,42027,3,58.56250003936896,70.8868410029322,38,48744,4935,80437.23684210527,91.9811210080422
PA,York County,42133,2,58.544726243470144,75.1674271437975,108,164750,4086,86175.81481481482,77.3957704396901
PA,Berks County,42011,2,58.422861318609485,76.8053931542098,106,146165,3250,80969.04716981133,81.38892102675831
KY,Hopkins County,21107,5,58.34307371238659,71.33802360720483,13,21869,1235,57699.846153846156,95.66420349488277
VA,Tazewell County,51185,7,58.33400397251005,63.07389743282867,13,20726,1117,47987.38461538462,27.244634931822006
KY,Oldham County,21185,1,58.307058773662064,64.65572302674884,15,23177,374,128548.0,9.86763111228666
KY,Bullitt County,21029,1,58.23569540735928,71.39638411824548,21,32886,1039,80690.66666666667,56.01628869824145
VA,Radford city,51750,3,58.19933165280354,63.474074711268024,4,4237,60,60862.75,98.89275043594762
PA,Lycoming County,42081,3,58.17751710138531,72.81002483394172,32,47239,4980,66633.25,71.77317226696775
OH,Darke County,39037,6,58.08126650965574,69.75593770570282,14,23759,1728,65279.28571428572,61.46413349446953
MD,Charles County,24017,1,57.969636282195246,68.73993402549219,34,56354,1247,123155.11764705883,18.493542811398058
KY,Fulton County,21075,9,57.89710856621387,63.67504114056609,2,3416,96,38058.0,65.28117402320629
VA,Buckingham County,51029,8,57.8838525148106,66.48117632098618,4,7703,1090,59483.5,47.00152496155353
NY,Cattaraugus County,36009,4,57.799167529588686,72.2372180001197,23,38089,4752,60075.391304347824,55.64990999744255
OH,Scioto County,39145,4,57.733691950839344,69.46833672431332,21,32540,2866,49209.19047619047,63.26140546868371
OH,Paulding County,39125,8,57.72710490096343,68.97747741008916,5,9920,137,69607.4,54.40329520288267
VA,Suffolk city,51800,1,57.72130640828729,71.74205837472324,36,35640,702,94797.27777777778,54.9690951505655
KY,Green County,21087,8,57.719929986236615,60.93536443061457,4,5988,1557,50731.5,64.0459779897916
NY,Chenango County,36017,6,57.554523358491416,63.39866629764826,16,23188,3007,62899.625,79.05270990886294
OH,Harrison County,39067,8,57.509270689964694,61.5925288731973,5,9191,2042,55754.6,87.08055715402914
OH,Tuscarawas County,39157,4,57.485115218518736,67.84516186942733,24,41978,2021,66011.70833333333,56.437706756866596
MD,Wicomico County,24045,3,57.474713155862545,73.8087487283825,21,38178,701,73700.28571428571,91.74296926175857
NY,Franklin County,36033,7,57.441825444318106,73.94558075519119,15,23806,4445,68477.2,63.45333516525649
OH,Geauga County,39055,1,57.42830339154991,70.6168190114296,21,38025,1474,105805.19047619047,71.93053608368596
NY,Jefferson County,36045,3,57.4172853490964,72.45768954580815,32,48937,1929,70874.78125,81.44416057392343
KY,Clark County,21049,2,57.36937077374184,63.75567365806954,10,15629,1243,70136.2,28.773290977413318
MD,Somerset County,24039,3,57.348563446233015,68.30412677278439,6,10463,271,64585.166666666664,78.2968829884843
NY,Otsego County,36077,7,57.237150951197094,64.35092379271138,22,29015,3411,73205.63636363637,69.34955793202336
NY,Oswego County,36075,2,57.221004775025705,71.1159677757166,44,50594,1517,71157.95454545454,68.023465961518
NY,Wayne County,36117,1,57.21305382682066,71.30260606785949,25,38939,1330,77259.4,77.95641465454598
KY,Metcalfe County,21169,9,57.15037899188159,59.9740582550416,3,4702,1312,53318.0,45.29187219610981
VA,Buena Vista city,51530,6,57.01793092872957,58.05015708216144,2,2798,30,56273.5,14.028809403620105
PA,Westmoreland County,42129,1,56.902361978199934,73.43329468613487,113,161189,3219,73140.1592920354,81.87985224193106
NY,Saratoga County,36091,2,56.88212546549256,73.82423254143977,65,89464,969,102429.484375,88.15774855438973
OH,Ross County,39141,4,56.87813609915273,65.35610825204955,17,31023,2764,62585.41176470588,45.73936561519126
NY,Washington County,36115,3,56.86097719352237,69.56958814553288,21,27469,1317,74849.71428571429,69.0283326134983
KY,Clay County,21051,9,56.746803658518346,60.74870145413201,8,10321,899,39660.375,27.31582149958986
KY,Pendleton County,21191,1,56.72148977469929,59.70258587158159,4,6725,674,68938.25,17.306626929627907
NY,Madison County,36053,2,56.71134184385325,63.92970199269942,19,29103,1219,77941.36842105263,69.21811188178887
KY,Union County,21225,8,56.64624424032075,61.706854766321584,4,6750,425,57960.0,54.94515172751541
KY,Lee County,21129,9,56.58127929706979,60.815453892645564,3,3999,1608,37451.0,45.81991289366948
NY,Warren County,36113,3,56.51242858127815,69.55456809885703,23,34314,1350,81222.13043478261,87.2592728131813
KY,Grant County,21081,1,56.494188494319395,63.19235683083,7,10112,460,70326.42857142857,21.879891385995876
VA,Spotsylvania County,51177,1,56.47894456627723,76.73223325952965,34,50331,5016,114569.35294117648,30.7419800269181
NY,St. Lawrence County,36089,4,56.36721462873044,68.04681048411226,28,48529,3534,64763.40740740741,43.96486120648659
VA,Craig County,51045,2,56.35265244449764,56.35265244449764,1,3129,821,69057.0,96.70821348673697
OH,Wyandot County,39175,7,56.30294616320587,65.4189067081563,6,11159,373,68370.16666666667,71.54349128221124
KY,Wayne County,21231,7,56.277400032580005,60.14016441266232,9,10918,1338,47018.444444444445,39.57030716416593
KY,Monroe County,21171,8,56.21847678924062,58.707591556459825,4,5926,1413,53299.5,55.970473561461795
MD,Worcester County,24047,4,56.16741068757106,64.32174540721681,16,33698,0,82264.75,89.5208418448022
NY,Allegany County,36003,7,56.02555477430037,62.650180270480526,15,23574,1455,63564.6,33.309673731889646
KY,Barren County,21009,6,56.009085160396424,67.23677817006762,13,19464,950,52400.846153846156,13.611244617960667
KY,Woodford County,21239,2,55.95565561232122,73.64415654359404,8,11470,1035,85557.5,30.745865252318524
KY,Bourbon County,21017,2,55.938867269313626,64.75044506612412,8,8971,1673,62210.125,59.253270344422106
NY,Montgomery County,36057,4,55.90878982219795,66.17476138471665,16,19515,1807,66267.625,83.56626877372997
KY,Cumberland County,21057,9,55.84305846448447,58.343671832924414,2,5814,2373,43922.0,45.159765125934776
PA,Beaver County,42007,1,55.81964852266555,71.67588938423793,53,73201,1677,72372.49056603774,70.68370442361963
VA,Botetourt County,51023,2,55.7933380541094,59.76627221590569,9,15999,1901,80487.33333333333,46.317665878963716
VA,Stafford County,51179,1,55.745415034717325,73.2885958350787,31,48324,918,141235.12903225806,22.660900561190108
NY,Greene County,36039,6,55.69967056746701,66.85295538866615,17,26682,978,76849.17647058824,50.58648571677518
VA,Montgomery County,51121,3,55.67039725466623,65.9872359523667,22,32054,4220,70409.09090909091,88.99680401148386
OH,Union County,39159,1,55.56594234336664,67.73832206331159,13,24346,1101,107496.0,83.9392295389522
NY,Livingston County,36051,1,55.55673564568248,65.95773966249776,16,25223,2027,76224.125,68.61229590048971
VA,Poquoson city,51735,1,55.38784682743901,57.37412707198851,3,4866,8,122027.66666666667,3.0977592920461947
NY,Columbia County,36021,6,55.38755994768202,64.5774332774819,21,30741,1844,85574.6,37.441810055864295
VA,Harrisonburg city,51660,3,55.35781140348491,62.699091167494466,11,11975,157,69033.63636363637,33.33050114758706
VA,Wythe County,51197,6,55.26241837337682,67.78335976303035,8,15036,1739,57750.75,33.07101736613896
VA,Accomack County,51001,9,55.210743297827776,61.918219286697386,12,22169,1484,58103.181818181816,29.96216726628405
OH,Ashland County,39005,6,55.11988504328486,62.92739662497757,12,23137,1782,68149.25,61.621319799918666
OH,Portage County,39133,2,55.072916220485084,69.66102791574413,38,60709,674,75226.44736842105,84.49214282683788
PA,Lancaster County,42071,2,55.04940103075818,72.13901397283226,116,182517,2892,87489.25862068965,54.714240607550664
OH,Clark County,39023,3,55.017392485987266,70.72085452695829,45,56487,679,64069.57777777778,84.36997160019503
VA,Norton city,51720,7,54.996759619412366,54.996759619412366,1,1759,1,41495.0,1.534963047185901
OH,Champaign County,39021,6,54.90803572497158,65.68806025970918,10,17826,848,78465.5,70.81241651895354
KY,Gallatin County,21077,1,54.90770724871842,56.94202770630124,3,4007,282,64143.0,24.749572433913645
PA,Lehigh County,42077,2,54.90131167760425,73.46345969720544,81,121706,1025,85875.24691358025,59.309354818015855
NY,Herkimer County,36043,2,54.84380890581055,63.357159954520974,20,30360,2643,69798.05,74.98640372094367
OH,Hardin County,39065,6,54.824896587577044,61.93124588594338,8,13988,80,61327.375,51.216921809010024
OH,Licking County,39089,1,54.80511478055329,69.82778035425768,46,68958,2676,91198.54347826086,64.24981101442324
VA,Buchanan County,51027,9,54.709355364729824,59.89776494524564,7,10540,714,41549.57142857143,29.390325214898944
VA,York County,51199,1,54.70111348812159,60.32812069894082,15,24243,170,109682.06666666667,18.583362682364815
OH,Logan County,39091,4,54.69057568232138,69.13145084076356,11,24987,349,71409.18181818182,81.46525359396537
KY,Simpson County,21213,6,54.65684489258572,57.67201543893245,5,8474,116,60529.8,9.346629036270707
KY,Russell County,21207,9,54.644720094548504,62.3779007839148,5,11352,51,46823.4,3.5949974820158004
OH,Huron County,39077,4,54.63936099206879,64.5582625216923,13,26027,792,66947.0,47.87245277725561
KY,Powell County,21197,8,54.589141134582015,58.393094368978524,4,6837,2586,41795.75,40.99601485454492
KY,McCracken County,21145,3,54.39916411818248,63.57691789839028,19,29487,435,60114.15789473684,83.74185464775205
OH,Fairfield County,39045,1,54.396544275560345,71.75805008676919,36,58375,1841,90122.27777777778,70.91741534532467
NY,Dutchess County,36027,2,54.38260677846927,73.19018535695051,80,95084,1894,101836.60759493671,50.16477025698775
VA,Grayson County,51077,9,54.37681497217401,62.876850577463934,5,10515,3146,46901.6,68.19655797127592
NY,Seneca County,36099,6,54.352535006881695,62.585867093531206,10,14900,395,68332.4,31.224520327201155
VA,Manassas Park city,51685,1,54.2622666207887,56.61014301956795,3,3606,4,97454.0,8.470830203618855
VA,Chesterfield County,51041,1,54.19311684918117,69.81599171204596,75,128178,1123,102954.8,17.58552420352764
KY,Elliott County,21063,8,54.1767909859773,55.58226243193106,3,3035,45,46529.666666666664,1.6050111662347568
KY,Jessamine County,21113,2,54.17059129533622,67.08153686194721,11,19910,836,74724.63636363637,26.336284837396512
VA,Staunton city,51790,3,54.061014024124404,61.7115268386093,7,10008,82,68284.57142857143,11.354259600510954
NY,Steuben County,36101,4,54.04287153429941,68.98271946621985,31,44382,3667,67800.87096774194,38.09427322048904
VA,Lee County,51105,8,53.970343101635365,57.19328959966489,7,11626,359,42213.42857142857,5.148079736212596
KY,Morgan County,21175,9,53.96772410388367,58.69838654179881,5,5825,19,51330.8,0.3449871555899776
KY,Breathitt County,21025,9,53.95986230199099,65.52063909999401,7,5799,779,35154.42857142857,33.628687350544396
KY,Carlisle County,21039,3,53.95582824686335,59.35860436239602,3,2796,306,63416.0,18.381439204683755
MD,Harford County,24025,1,53.90818775869746,67.77872583926754,59,83381,469,116226.94915254238,23.73064545847433
NY,Essex County,36031,6,53.892350846747654,63.92714304948836,18,23523,2079,71031.94444444444,56.24897028353572
NY,Putnam County,36079,1,53.88877672890112,63.21993971037041,24,33028,310,123740.08333333333,21.979049409378728
NY,Niagara County,36063,1,53.86321216423688,69.52031745556819,64,83934,657,68787.15873015873,82.31450965094255
KY,Johnson County,21115,7,53.837711259478354,61.420211986116925,7,8933,302,46909.0,13.115192498985246
OH,Henry County,39069,6,53.812985779255754,58.60542008258034,7,13810,160,77602.57142857143,54.508512748954395
PA,Armstrong County,42005,1,53.778211995565485,63.58192059122734,19,32773,2850,64960.52631578947,36.05445816105129
OH,Williams County,39171,7,53.71585524172369,67.6742504936868,9,17790,760,64021.77777777778,80.6750765477547
KY,Madison County,21151,4,53.69232114350023,68.35848393273892,31,33229,1417,69290.13333333333,24.73793716124856
PA,Bradford County,42015,6,53.60333956675244,64.37554529950332,15,28943,4724,65863.13333333333,42.93322931075069
OH,Pickaway County,39129,1,53.60190288831708,66.10385599305846,15,22611,1261,75706.73333333334,63.51119966277109
OH,Ottawa County,39123,3,53.570576117527374,73.96934728621866,15,30099,165,76481.33333333333,61.096707605447726
MD,Baltimore city,24510,1,53.55016596383921,68.44378927054036,198,201188,410,67436.3163265306,95.48595500516082
PA,Wyoming County,42131,2,53.53251376338938,57.37685805756687,7,13576,1654,72258.0,57.50562004355191
VA,Williamsburg city,51830,1,53.49360625735543,55.941638740949074,3,3356,22,74164.66666666667,61.17006040179739
OH,Crawford County,39033,4,53.43582255814917,64.23707737418468,13,21324,1053,58545.38461538462,49.04625051463284
VA,Albemarle County,51003,3,53.42829178695016,67.3166858655975,29,38378,4728,110383.13793103448,64.29564206685797
KY,Scott County,21209,2,53.33497554400032,63.30249162228472,19,21630,953,87349.94736842105,31.785401692991172
NY,Cortland County,36023,4,53.334864011728804,61.51047962419962,13,17500,847,71383.16666666667,68.3856499280153
OH,Wayne County,39169,4,53.32996197302675,68.9135030818024,32,44755,1374,73714.75,39.67194697264449
PA,Chester County,42029,1,53.291311380021824,66.57973266112143,123,167920,1304,134191.9349593496,17.712142905744322
KY,Calloway County,21035,7,53.190639603200935,60.702971096882294,11,18610,1846,53758.545454545456,57.61032760428907
VA,Roanoke County,51161,2,53.05071309181214,61.291584884208014,22,37513,950,84402.27272727272,34.429556053712666
NY,Schoharie County,36095,2,53.02433875890132,59.341574412063906,7,16120,644,68205.0,40.7260088991846
VA,Waynesboro city,51820,3,53.02396265932619,63.04747322123151,5,9137,46,59115.8,22.195652189838608
OH,Stark County,39151,2,52.89337499750663,72.92341122613847,90,152733,2137,68483.2,67.41028360053997
PA,Fayette County,42051,1,52.86505424736866,67.69168362156663,36,61992,3179,58607.694444444445,83.17464085817764
NY,Rensselaer County,36083,2,52.83222457949355,67.5708328346598,48,55192,571,85426.08333333333,91.80718495831218
KY,Hardin County,21093,3,52.72947623211147,69.45520615163665,27,42059,2038,71578.66666666667,23.997886451809972
VA,Portsmouth city,51740,1,52.716565236470984,62.0799383639519,30,33037,195,59417.96666666667,43.33369841143055
KY,Knox County,21121,7,52.66021136050833,66.4775043384597,11,12399,1118,33228.545454545456,47.541476977335876
NY,Chautauqua County,36013,4,52.60126110379723,63.39637813416313,36,61719,3328,59218.694444444445,45.17973990584515
NY,Cayuga County,36011,4,52.574443605010664,64.26597001974747,24,32936,1882,72951.58333333333,31.359093351838823
PA,Luzerne County,42079,2,52.55076681423453,69.42350472742504,101,130387,4524,66474.86138613861,68.46461213706394
PA,Blair County,42013,3,52.48506499028374,69.13278678714619,38,52878,2209,62759.42105263158,73.32881208253725
KY,Logan County,21141,6,52.48258145832086,57.17226527437017,6,13569,631,59402.333333333336,5.259435933696186
NY,Orange County,36071,2,52.47797752001416,72.15642391239302,92,112974,1031,98944.25,48.66063191600274
OH,Morrow County,39117,1,52.41859179582311,56.71327419065286,9,16976,1044,80975.44444444444,48.70045160167846
PA,Washington County,42125,1,52.396402408303594,66.03863323559332,62,95074,4211,76743.06451612903,58.562559912707314
NY,Oneida County,36065,2,52.356910632004585,69.64728322661719,70,87056,3285,71973.36764705883,85.70104141821624
NY,Schuyler County,36097,8,52.29206106756029,57.72267518401054,5,9810,807,69929.0,36.93202744254413
VA,Winchester city,51840,3,52.2389356810883,55.38265663335527,6,9204,24,64912.333333333336,16.558684505199526
PA,Erie County,42049,2,52.23597130590961,71.52434399497338,72,102042,3032,63403.73611111111,78.26928010892652
KY,Wolfe County,21237,9,52.18473834599964,55.33207767338878,2,4694,37,31446.5,0.7881611450159838
NY,Genesee County,36037,4,52.16305789100991,72.2336888875591,18,23204,872,69828.38888888889,48.53523974550124
OH,Greene County,39057,2,52.15012691241298,69.61528334629884,42,62135,1383,94909.28571428571,49.720270527495394
OH,Sandusky County,39143,4,52.146596952107394,70.78276285081682,15,26435,119,65762.33333333333,51.84734601162879
NY,Hamilton County,36041,8,52.145778416911014,60.49412811920292,4,7646,1753,67962.25,31.893363371315044
VA,Martinsville city,51690,4,52.13740724672372,60.89682320028724,5,6195,10,44862.2,14.496234700122056
OH,Auglaize County,39011,4,52.13478003057322,60.72542038178446,11,20975,391,79257.54545454546,47.80213849333447
PA,Cumberland County,42041,2,52.133012630846395,72.2134926096583,54,92511,1820,89187.94339622642,26.703353010225985
VA,Manassas city,51683,1,52.07864110038726,59.38319295673509,7,9443,6,113926.71428571429,15.064608095294517
VA,Prince William County,51153,1,52.065322909538885,67.58345027227574,92,113087,748,139378.08695652173,12.14179478462921
PA,Tioga County,42117,8,51.96843703249357,54.85743671832925,10,21893,2363,64023.7,55.95108556189253
VA,Lexington city,51678,6,51.873344653222425,60.883690383579676,2,2226,5,88042.0,44.71000455788514
VA,Washington County,51191,2,51.81369497137614,64.57151726407756,15,27079,372,66906.06666666667,5.153120586249545
OH,Shelby County,39149,4,51.812658204176884,62.89286547782898,10,21077,245,76475.0,36.41696164206114
VA,Norfolk city,51710,1,51.76850653236417,67.26138696068458,77,61233,162,69032.97402597402,63.52858808495774
KY,Boyd County,21019,2,51.696720673009786,70.9781019986835,15,20064,565,62154.53333333333,25.011853873305938
VA,Loudoun County,51107,1,51.629534438393875,74.86348662557597,74,105937,5093,179442.17567567568,16.616894825501255
OH,Delaware County,39041,1,51.60293517368799,61.172059571539705,40,72558,663,142678.125,76.94003010535218
KY,Hickman County,21105,8,51.48808718807971,51.48808718807971,1,2765,31,60867.0,1.6998191681735986
NY,Suffolk County,36103,1,51.36733747403104,70.32977380168751,368,477509,2632,136398.0652173913,10.81154286842916
NY,Tioga County,36107,3,51.35732302076477,58.530286936748254,11,21368,1114,73805.27272727272,50.9874012889464
OH,Seneca County,39147,4,51.14011349453312,59.35659894680152,14,24571,658,67142.35714285714,71.25563051545808
VA,Hampton city,51650,1,51.12954825580622,69.70311621087906,36,45533,99,70659.66666666667,34.15031789746398
NY,Tompkins County,36109,3,51.112396860888495,68.20967326910417,26,30925,1150,77339.0,78.16635809095372
VA,Russell County,51167,8,51.078881674745176,61.11070926335946,9,14586,664,51896.666666666664,12.826246057634128
VA,Chesapeake city,51550,1,50.9773474402352,66.97384357608762,61,79918,646,100452.31147540984,18.575704179276322
KY,Todd County,21219,8,50.93915254173897,54.24007390341691,4,6269,39,67708.25,0.8792029934080438
KY,Menifee County,21165,9,50.90661727305367,51.48636227634492,2,4690,32,44512.5,0.9019003757631169
KY,Henderson County,21101,4,50.8597403763133,66.66179462629405,14,18178,376,56902.21428571428,70.66378216807712
PA,Potter County,42105,9,50.661542974259895,57.52251810184909,7,12084,411,58676.857142857145,24.27427669053455
PA,Lackawanna County,42069,2,50.631652479404785,67.04737149183173,60,83225,3160,65755.33333333333,67.46611678125383
OH,Trumbull County,39155,2,50.61592171767543,66.03573245167853,54,88488,1911,56701.88888888889,64.09492352541294
PA,Bucks County,42017,1,50.55549083615665,71.72320103524625,146,208474,899,122142.06849315068,10.290120757592389
VA,Henrico County,51087,1,50.20832800821243,73.45350592424151,84,103028,616,98178.27380952382,9.041953183989675
VA,Virginia Beach city,51810,1,50.16735509221148,74.03291394889594,111,136799,510,98334.12612612612,31.779826820159062
VA,Bath County,51017,9,50.071563266710555,51.216731494225364,2,3366,436,59689.5,16.313455648254987
PA,Butler County,42019,1,50.06805819392755,67.7124184668781,47,79171,1956,88581.89130434782,41.954194725293114
OH,Defiance County,39039,6,49.84837232960326,67.96670456585483,9,17587,935,73626.66666666667,44.02703284419717
NY,Delaware County,36025,8,49.700799711004024,60.049671623481544,17,28471,1510,62300.0,29.04528037115543
KY,Warren County,21227,3,49.70027543401219,56.969099694811796,27,47219,696,63833.7037037037,42.54829125245838
OH,Lake County,39085,1,49.65349514782204,69.18788372928012,59,90085,117,83883.37288135593,59.69566132925087
VA,Fluvanna County,51065,3,49.608412273352876,55.30401382323021,5,12146,370,96736.0,9.023556891444962
OH,Clermont County,39025,1,49.55621881732093,63.43986969660703,48,73490,792,89313.23404255319,13.67073375648872
VA,Roanoke city,51770,2,49.419091287176116,57.4469997307163,25,36189,52,56526.84,24.756189486653525
KY,Owsley County,21189,9,49.3883923762791,56.68013509065885,2,1990,13,23484.5,0.7042253521126761
KY,Knott County,21119,9,49.2292216204895,61.05662288313087,5,7736,16,42652.0,1.7765524846065552
KY,Christian County,21047,2,49.14824375057085,65.14610137035486,19,24672,360,56522.63157894737,28.73394118869621
PA,Dauphin County,42043,2,49.08602489020995,67.38207243731674,67,102132,1425,76085.5223880597,18.115656151882984
OH,Hancock County,39063,4,48.844586649512294,66.67559092813117,15,31212,170,74747.26666666666,60.38111267532686
KY,Boone County,21015,1,48.68722617836555,62.17402683860931,30,42916,309,104140.27586206897,6.689075076049854
OH,Ashtabula County,39007,1,48.63625979893483,65.09198432170426,28,47683,3013,60805.642857142855,35.24427354573622
MD,Prince George's County,24033,1,48.61855024437813,64.57614894380947,213,221210,668,106192.79716981133,5.810160070977187
PA,Montgomery County,42091,1,48.601579272391255,65.31514272036382,215,263616,491,121600.8,9.527659766946782
PA,Susquehanna County,42115,8,48.51207787285819,56.461208186224646,12,22113,2782,69267.91666666667,28.70616863640802
OH,Putnam County,39137,6,48.48014537580037,59.017509424929685,8,16876,14,83247.125,54.26965734893667
KY,Campbell County,21037,1,48.35338977320328,65.02772724552689,25,31911,167,78408.6,6.720726008591219
VA,Newport News city,51700,1,48.288013119145624,62.862583029142485,47,49926,67,69603.27659574468,13.630431235303648
MD,Washington County,24043,2,48.236592898604,68.87718793010592,35,54093,2411,76843.17142857143,35.30381746280097
VA,Nelson County,51125,3,48.20097061815571,58.7444542516905,5,9969,266,79163.4,2.860371631430275
MD,Howard County,24027,1,48.19032536165663,62.62750059840824,59,86549,290,161125.88135593222,4.2380122827860145
VA,Salem city,51775,2,48.141031805397645,51.406206989408176,5,9687,14,67558.4,17.14815642924649
KY,Jefferson County,21111,1,48.12121583680433,65.68411001735383,215,268221,827,70620.38028169014,30.66518915560347
OH,Warren County,39165,1,48.10268300854611,60.73499640955058,43,83587,511,111224.95348837209,36.41713102031336
VA,Smyth County,51173,7,48.08922133790783,56.243501286577704,9,15880,87,48813.11111111111,0.988950209314575
OH,Miami County,39109,2,48.03360641129378,62.419162527676384,23,44354,526,78264.08695652174,23.295800627820398
VA,Fredericksburg city,51630,1,47.968278913803566,55.64949584106277,7,7439,35,82049.83333333333,14.339543068724364
KY,Allen County,21003,3,47.87945265593521,53.65676874513793,6,10320,85,62768.833333333336,1.9871667939615099
KY,Kenton County,21117,1,47.7817717881798,59.07779157441207,44,57963,279,80996.04545454546,8.117792156093945
VA,Lynchburg city,51680,2,47.713345349197226,59.88822108192209,23,25153,285,56036.545454545456,31.67388270893011
NY,Clinton County,36019,4,47.50033197409177,58.31652429537431,21,32059,662,73716.33333333333,33.30608531847725
VA,Fairfax city,51600,1,47.464523367841544,53.03719331578002,5,6784,3,139109.0,5.242743310521636
VA,Scott County,51169,2,47.4077518799992,56.261619591885584,6,13234,430,47575.666666666664,4.653694569526245
VA,Charlottesville city,51540,3,47.3459554460136,59.303303961462504,12,13134,7,76556.33333333333,44.39260418397554
PA,Delaware County,42045,1,47.18024336265533,61.50399661899349,150,182624,141,99721.16666666667,9.258790732310462
NY,Erie County,36029,1,47.04583356513861,72.78997591406858,256,326842,1980,74241.25099601594,43.02782572197061
KY,Graves County,21083,6,47.00738899527257,52.65033810065226,10,18736,44,52021.3,14.862192262353451
VA,Dickenson County,51051,9,46.98819078750523,48.2234590987972,4,7142,1181,46948.0,19.665444527879515
OH,Mahoning County,39099,2,46.93707220887035,66.97185536472982,74,99441,613,55964.90277777778,77.92374769941615
OH,Richland County,39139,3,46.921548603129466,63.11835766860152,29,52121,995,59239.1724137931,48.78599507812829
OH,Van Wert County,39161,6,46.84667102174881,63.4190495781222,9,13854,32,66219.33333333333,66.73229394363274
OH,Summit County,39153,2,46.59012299565764,60.94882861588176,138,205027,138,74441.02898550725,63.59662221350244
MD,Anne Arundel County,24003,1,46.5879635661267,63.04927368200586,127,181824,657,129434.02362204724,6.513804727639823
OH,Marion County,39101,4,46.48240600835112,63.331850278259836,18,26616,922,57002.58823529412,30.807993896336477
VA,Fairfax County,51059,1,46.44615233794093,62.86310140027526,269,253985,373,164547.7249070632,7.853734072586082
OH,Fulton County,39051,2,46.425187675782425,59.2985309077853,10,18387,388,73744.4,59.05119116002844
OH,Mercer County,39107,7,46.37289169143412,60.67030099934175,9,19435,168,76241.11111111111,23.30205506674398
MD,Baltimore County,24005,1,46.364660491571684,65.96877206630364,217,248375,1240,100388.73148148147,8.060863487117407
PA,Cameron County,42023,9,46.28423904912931,53.40708066542996,2,3799,485,50217.5,21.14453665283541
NY,Nassau County,36059,1,46.11592294318541,62.22050071808988,280,387402,179,154133.54316546762,1.0004287942666856
OH,Wood County,39173,2,46.0999495454993,56.464372269762436,31,51760,49,75018.51612903226,57.86171669724983
NY,Ontario County,36069,1,45.98016121491831,59.973425438334026,40,44110,912,86573.775,45.99874953879615
KY,Lawrence County,21127,2,45.96507602277941,48.97798605708815,6,9092,6,46953.166666666664,0.10257201907370132
VA,Richmond city,51760,1,45.95876534418447,60.34875830291424,75,64876,53,72497.35135135135,13.9000840439468
KY,Franklin County,21073,4,45.9377027107893,65.08298052181199,20,20292,1109,69277.7,8.275817454341034
PA,Philadelphia County,42101,1,45.86476325993423,58.07279860570882,389,502716,140,68706.97066666666,8.917634491954495
OH,Butler County,39017,1,45.80168444089884,63.42589312428938,86,131567,426,84377.16666666667,34.92376954205964
MD,Montgomery County,24031,1,45.58597892751832,64.00832685057746,232,239846,470,147067.5603448276,9.214865336249181
OH,Montgomery County,39113,2,45.404256530853736,65.83516396385615,155,207512,680,68944.88961038961,46.05095595540526
NY,Broome County,36007,3,45.319471009745655,68.0053340613967,57,71904,727,63859.69642857143,51.22500772443062
NY,Albany County,36001,2,45.162503247244686,69.80056923583268,85,99995,1572,90308.34939759035,54.2304294638666
VA,Alexandria city,51510,1,45.161538536217066,63.912829124528756,47,24795,17,135337.21276595743,59.84737030402102
OH,Allen County,39003,3,45.023892068526294,66.98922191969362,35,42000,307,65113.885714285716,76.64672593827552
NY,Westchester County,36119,1,44.97382120177974,67.68722548022261,238,207323,569,134432.4829059829,6.715647181152781
NY,Rockland County,36087,1,44.851047513613786,59.80936060080187,80,74482,147,110818.4,2.627941390659707
KY,Magoffin County,21153,9,44.624228801388305,45.85572302674885,5,7235,0,34602.6,0.0
OH,Lorain County,39093,1,44.524274136493126,61.05703054874036,79,124069,197,74718.17721518988,38.617369174296805
OH,Franklin County,39049,1,44.50529057386252,68.39822796361678,327,373288,150,81771.99386503067,69.29080373416186
KY,Jackson County,21109,9,44.451639638561424,46.48883519837233,5,8238,0,41521.6,0.0
KY,Meade County,21163,1,44.44685902166903,56.17484590987972,9,11306,10,73961.0,10.75643682091804
PA,Allegheny County,42003,1,44.13821309730181,66.96277152773622,384,471131,687,81086.45789473684,14.361235711974103
OH,Erie County,39043,3,44.02211732580809,58.20216474178685,19,34676,337,68606.63157894737,16.16357043824191
OH,Hamilton County,39061,1,43.88305820234989,61.34986087008557,226,268225,426,77113.37777777777,10.866088428476376
NY,Chemung County,36015,3,43.85277633370236,59.874301358386695,24,33563,399,62127.291666666664,32.17748633474288
NY,Schenectady County,36093,2,43.5635275500502,64.26215142720363,45,52877,172,83076.44444444444,33.096366190265556
NY,Monroe County,36055,1,43.511155203360985,64.97031745556819,208,248070,445,76792.45145631068,43.736084117294574
NY,Richmond County,36085,1,43.287327369034436,55.921820208246075,122,116632,27,98153.2627118644,5.781287033495513
KY,McCreary County,21147,9,43.11322781401472,47.72166836215666,6,6785,16,34989.333333333336,0.22319485360553518
KY,Daviess County,21059,3,42.96986029661102,69.84199853389983,24,41288,630,67214.95833333333,18.358977566838007
OH,Lucas County,39095,2,42.95200211633484,65.19613951887978,168,164357,440,65389.26347305389,51.29152662513151
NY,Onondaga County,36067,2,42.82550179374975,66.93278379510502,142,160677,702,77975.46808510639,30.55142072148569
KY,Ballard County,21007,3,42.24654793249956,44.48530458979116,3,4358,0,60564.333333333336,0.0
OH,Medina County,39103,1,41.84712858439408,59.34669678654778,42,68463,144,96810.71428571429,49.41301559151963
NY,Queens County,36081,1,41.62188061307142,57.69672820298006,687,315540,34,91694.72148148148,12.390719276220514
KY,Fayette County,21067,2,41.53086268574373,65.49341601340434,82,104677,388,78901.73170731707,11.313479616807339
OH,Cuyahoga County,39035,1,41.08308904904403,61.89799084435402,421,429846,92,68462.43855421686,46.051359138190925
VA,Arlington County,51013,1,40.80691112727103,54.32533810065227,69,36721,7,154186.65217391305,19.344094987487946
VA,Falls Church city,51610,1,39.9791901043225,43.40290302794566,3,3337,0,153858.66666666666,2.288773948361707
VA,Bristol city,51520,2,37.06693974029083,43.728296481359585,5,7955,2,46615.8,0.14458016634902188
NY,Bronx County,36005,1,36.669388674671886,54.90796705762671,344,85015,26,55712.11799410029,12.813070703356624
NY,Kings County,36047,1,36.332548104474526,56.06226138471665,777,266173,46,88955.59427828349,16.43429585457318
NY,New York County,36061,1,26.40239178900404,42.25403177547723,301,37759,2,121679.28859060403,0.9306370353242749
